"month","cohort","period","n"
"2019-01","High","Closing",6
"2019-01","High","Day",68
"2019-01","High","Early",17
"2019-01","High","Midnight",13
"2019-01","Low","Closing",2256
"2019-01","Low","Day",20473
"2019-01","Low","Early",5468
"2019-01","Low","Midnight",3762
"2019-01","Medium","Closing",153
"2019-01","Medium","Day",1239
"2019-01","Medium","Early",335
"2019-01","Medium","Midnight",250
"2019-02","High","Closing",5
"2019-02","High","Day",65
"2019-02","High","Early",12
"2019-02","High","Midnight",11
"2019-02","Low","Closing",2170
"2019-02","Low","Day",18767
"2019-02","Low","Early",5336
"2019-02","Low","Midnight",3634
"2019-02","Medium","Closing",132
"2019-02","Medium","Day",1174
"2019-02","Medium","Early",353
"2019-02","Medium","Midnight",272
"2019-03","High","Closing",6
"2019-03","High","Day",87
"2019-03","High","Early",19
"2019-03","High","Midnight",16
"2019-03","Low","Closing",2460
"2019-03","Low","Day",21432
"2019-03","Low","Early",6003
"2019-03","Low","Midnight",4310
"2019-03","Medium","Closing",148
"2019-03","Medium","Day",1314
"2019-03","Medium","Early",399
"2019-03","Medium","Midnight",303
"2019-04","High","Closing",4
"2019-04","High","Day",80
"2019-04","High","Early",31
"2019-04","High","Midnight",15
"2019-04","Low","Closing",2307
"2019-04","Low","Day",21426
"2019-04","Low","Early",6283
"2019-04","Low","Midnight",4131
"2019-04","Medium","Closing",150
"2019-04","Medium","Day",1366
"2019-04","Medium","Early",387
"2019-04","Medium","Midnight",273
"2019-05","High","Closing",7
"2019-05","High","Day",102
"2019-05","High","Early",20
"2019-05","High","Midnight",21
"2019-05","Low","Closing",2834
"2019-05","Low","Day",23455
"2019-05","Low","Early",6880
"2019-05","Low","Midnight",4558
"2019-05","Medium","Closing",151
"2019-05","Medium","Day",1460
"2019-05","Medium","Early",449
"2019-05","Medium","Midnight",326
"2019-06","High","Closing",13
"2019-06","High","Day",87
"2019-06","High","Early",28
"2019-06","High","Midnight",31
"2019-06","Low","Closing",2829
"2019-06","Low","Day",22679
"2019-06","Low","Early",6894
"2019-06","Low","Midnight",4985
"2019-06","Medium","Closing",208
"2019-06","Medium","Day",1453
"2019-06","Medium","Early",457
"2019-06","Medium","Midnight",351
"2019-07","High","Closing",7
"2019-07","High","Day",82
"2019-07","High","Early",16
"2019-07","High","Midnight",31
"2019-07","Low","Closing",2932
"2019-07","Low","Day",23865
"2019-07","Low","Early",7552
"2019-07","Low","Midnight",5383
"2019-07","Medium","Closing",185
"2019-07","Medium","Day",1500
"2019-07","Medium","Early",524
"2019-07","Medium","Midnight",354
"2019-08","High","Closing",6
"2019-08","High","Day",64
"2019-08","High","Early",21
"2019-08","High","Midnight",22
"2019-08","Low","Closing",2938
"2019-08","Low","Day",22814
"2019-08","Low","Early",7585
"2019-08","Low","Midnight",5224
"2019-08","Medium","Closing",168
"2019-08","Medium","Day",1414
"2019-08","Medium","Early",474
"2019-08","Medium","Midnight",319
"2019-09","High","Closing",8
"2019-09","High","Day",76
"2019-09","High","Early",22
"2019-09","High","Midnight",26
"2019-09","Low","Closing",2978
"2019-09","Low","Day",23033
"2019-09","Low","Early",7058
"2019-09","Low","Midnight",4707
"2019-09","Medium","Closing",223
"2019-09","Medium","Day",1509
"2019-09","Medium","Early",441
"2019-09","Medium","Midnight",347
"2019-10","High","Closing",7
"2019-10","High","Day",82
"2019-10","High","Early",10
"2019-10","High","Midnight",58
"2019-10","Low","Closing",2720
"2019-10","Low","Day",23443
"2019-10","Low","Early",6888
"2019-10","Low","Midnight",4295
"2019-10","Medium","Closing",192
"2019-10","Medium","Day",1496
"2019-10","Medium","Early",446
"2019-10","Medium","Midnight",278
"2019-11","High","Closing",8
"2019-11","High","Day",75
"2019-11","High","Early",10
"2019-11","High","Midnight",11
"2019-11","Low","Closing",2655
"2019-11","Low","Day",21754
"2019-11","Low","Early",6237
"2019-11","Low","Midnight",4106
"2019-11","Medium","Closing",179
"2019-11","Medium","Day",1382
"2019-11","Medium","Early",411
"2019-11","Medium","Midnight",258
"2019-12","High","Closing",7
"2019-12","High","Day",62
"2019-12","High","Early",17
"2019-12","High","Midnight",13
"2019-12","Low","Closing",2528
"2019-12","Low","Day",21755
"2019-12","Low","Early",6182
"2019-12","Low","Midnight",4050
"2019-12","Medium","Closing",186
"2019-12","Medium","Day",1391
"2019-12","Medium","Early",360
"2019-12","Medium","Midnight",282
"2020-01","High","Closing",6
"2020-01","High","Day",83
"2020-01","High","Early",12
"2020-01","High","Midnight",20
"2020-01","Low","Closing",2665
"2020-01","Low","Day",23067
"2020-01","Low","Early",6098
"2020-01","Low","Midnight",4620
"2020-01","Medium","Closing",189
"2020-01","Medium","Day",1476
"2020-01","Medium","Early",400
"2020-01","Medium","Midnight",308
"2020-02","High","Closing",13
"2020-02","High","Day",56
"2020-02","High","Early",11
"2020-02","High","Midnight",16
"2020-02","Low","Closing",2583
"2020-02","Low","Day",20812
"2020-02","Low","Early",6028
"2020-02","Low","Midnight",3994
"2020-02","Medium","Closing",161
"2020-02","Medium","Day",1270
"2020-02","Medium","Early",401
"2020-02","Medium","Midnight",267
"2020-03","High","Closing",5
"2020-03","High","Day",51
"2020-03","High","Early",10
"2020-03","High","Midnight",13
"2020-03","Low","Closing",2224
"2020-03","Low","Day",19097
"2020-03","Low","Early",5653
"2020-03","Low","Midnight",3773
"2020-03","Medium","Closing",145
"2020-03","Medium","Day",1243
"2020-03","Medium","Early",385
"2020-03","Medium","Midnight",224
"2020-04","High","Closing",5
"2020-04","High","Day",52
"2020-04","High","Early",11
"2020-04","High","Midnight",14
"2020-04","Low","Closing",1479
"2020-04","Low","Day",14525
"2020-04","Low","Early",4539
"2020-04","Low","Midnight",2874
"2020-04","Medium","Closing",108
"2020-04","Medium","Day",997
"2020-04","Medium","Early",276
"2020-04","Medium","Midnight",185
"2020-05","High","Closing",6
"2020-05","High","Day",36
"2020-05","High","Early",13
"2020-05","High","Midnight",13
"2020-05","Low","Closing",2045
"2020-05","Low","Day",18113
"2020-05","Low","Early",6045
"2020-05","Low","Midnight",3910
"2020-05","Medium","Closing",136
"2020-05","Medium","Day",1276
"2020-05","Medium","Early",356
"2020-05","Medium","Midnight",258
"2020-06","High","Closing",6
"2020-06","High","Day",54
"2020-06","High","Early",16
"2020-06","High","Midnight",27
"2020-06","Low","Closing",2265
"2020-06","Low","Day",17556
"2020-06","Low","Early",6590
"2020-06","Low","Midnight",4301
"2020-06","Medium","Closing",124
"2020-06","Medium","Day",1221
"2020-06","Medium","Early",388
"2020-06","Medium","Midnight",251
"2020-07","High","Closing",6
"2020-07","High","Day",62
"2020-07","High","Early",28
"2020-07","High","Midnight",26
"2020-07","Low","Closing",2406
"2020-07","Low","Day",19859
"2020-07","Low","Early",6685
"2020-07","Low","Midnight",4461
"2020-07","Medium","Closing",143
"2020-07","Medium","Day",1329
"2020-07","Medium","Early",414
"2020-07","Medium","Midnight",295
"2020-08","High","Closing",12
"2020-08","High","Day",97
"2020-08","High","Early",14
"2020-08","High","Midnight",13
"2020-08","Low","Closing",2613
"2020-08","Low","Day",20909
"2020-08","Low","Early",7014
"2020-08","Low","Midnight",4684
"2020-08","Medium","Closing",178
"2020-08","Medium","Day",1409
"2020-08","Medium","Early",463
"2020-08","Medium","Midnight",308
"2020-09","High","Closing",6
"2020-09","High","Day",100
"2020-09","High","Early",21
"2020-09","High","Midnight",10
"2020-09","Low","Closing",2460
"2020-09","Low","Day",20330
"2020-09","Low","Early",6744
"2020-09","Low","Midnight",4216
"2020-09","Medium","Closing",163
"2020-09","Medium","Day",1441
"2020-09","Medium","Early",396
"2020-09","Medium","Midnight",275
"2020-10","High","Closing",5
"2020-10","High","Day",85
"2020-10","High","Early",14
"2020-10","High","Midnight",12
"2020-10","Low","Closing",2478
"2020-10","Low","Day",21754
"2020-10","Low","Early",6865
"2020-10","Low","Midnight",4087
"2020-10","Medium","Closing",128
"2020-10","Medium","Day",1447
"2020-10","Medium","Early",443
"2020-10","Medium","Midnight",269
"2020-11","High","Closing",4
"2020-11","High","Day",62
"2020-11","High","Early",11
"2020-11","High","Midnight",12
"2020-11","Low","Closing",2343
"2020-11","Low","Day",20403
"2020-11","Low","Early",6368
"2020-11","Low","Midnight",3853
"2020-11","Medium","Closing",130
"2020-11","Medium","Day",1474
"2020-11","Medium","Early",363
"2020-11","Medium","Midnight",291
"2020-12","High","Closing",5
"2020-12","High","Day",64
"2020-12","High","Early",17
"2020-12","High","Midnight",14
"2020-12","Low","Closing",2120
"2020-12","Low","Day",19950
"2020-12","Low","Early",5884
"2020-12","Low","Midnight",3564
"2020-12","Medium","Closing",137
"2020-12","Medium","Day",1335
"2020-12","Medium","Early",329
"2020-12","Medium","Midnight",236
"2021-01","High","Closing",5
"2021-01","High","Day",60
"2021-01","High","Early",17
"2021-01","High","Midnight",19
"2021-01","Low","Closing",2175
"2021-01","Low","Day",19849
"2021-01","Low","Early",5628
"2021-01","Low","Midnight",3717
"2021-01","Medium","Closing",121
"2021-01","Medium","Day",1239
"2021-01","Medium","Early",351
"2021-01","Medium","Midnight",229
"2021-02","High","Closing",1
"2021-02","High","Day",49
"2021-02","High","Early",16
"2021-02","High","Midnight",9
"2021-02","Low","Closing",1754
"2021-02","Low","Day",17004
"2021-02","Low","Early",5064
"2021-02","Low","Midnight",2928
"2021-02","Medium","Closing",83
"2021-02","Medium","Day",1080
"2021-02","Medium","Early",311
"2021-02","Medium","Midnight",172
"2021-03","High","Closing",3
"2021-03","High","Day",73
"2021-03","High","Early",16
"2021-03","High","Midnight",16
"2021-03","Low","Closing",1960
"2021-03","Low","Day",20933
"2021-03","Low","Early",6101
"2021-03","Low","Midnight",3721
"2021-03","Medium","Closing",116
"2021-03","Medium","Day",1329
"2021-03","Medium","Early",366
"2021-03","Medium","Midnight",228
"2021-04","High","Closing",1
"2021-04","High","Day",78
"2021-04","High","Early",12
"2021-04","High","Midnight",21
"2021-04","Low","Closing",2026
"2021-04","Low","Day",19587
"2021-04","Low","Early",5668
"2021-04","Low","Midnight",3551
"2021-04","Medium","Closing",117
"2021-04","Medium","Day",1292
"2021-04","Medium","Early",314
"2021-04","Medium","Midnight",220
"2021-05","High","Closing",5
"2021-05","High","Day",78
"2021-05","High","Early",13
"2021-05","High","Midnight",11
"2021-05","Low","Closing",2515
"2021-05","Low","Day",21330
"2021-05","Low","Early",6562
"2021-05","Low","Midnight",4243
"2021-05","Medium","Closing",143
"2021-05","Medium","Day",1428
"2021-05","Medium","Early",359
"2021-05","Medium","Midnight",267
"2021-06","High","Closing",9
"2021-06","High","Day",64
"2021-06","High","Early",19
"2021-06","High","Midnight",12
"2021-06","Low","Closing",2654
"2021-06","Low","Day",21572
"2021-06","Low","Early",6697
"2021-06","Low","Midnight",4551
"2021-06","Medium","Closing",162
"2021-06","Medium","Day",1352
"2021-06","Medium","Early",400
"2021-06","Medium","Midnight",316
"2021-07","High","Closing",5
"2021-07","High","Day",76
"2021-07","High","Early",26
"2021-07","High","Midnight",20
"2021-07","Low","Closing",2890
"2021-07","Low","Day",22158
"2021-07","Low","Early",7225
"2021-07","Low","Midnight",4985
"2021-07","Medium","Closing",176
"2021-07","Medium","Day",1358
"2021-07","Medium","Early",392
"2021-07","Medium","Midnight",351
"2021-08","High","Closing",4
"2021-08","High","Day",83
"2021-08","High","Early",22
"2021-08","High","Midnight",10
"2021-08","Low","Closing",2855
"2021-08","Low","Day",22018
"2021-08","Low","Early",7074
"2021-08","Low","Midnight",4837
"2021-08","Medium","Closing",175
"2021-08","Medium","Day",1437
"2021-08","Medium","Early",427
"2021-08","Medium","Midnight",284
"2021-09","High","Closing",3
"2021-09","High","Day",106
"2021-09","High","Early",21
"2021-09","High","Midnight",14
"2021-09","Low","Closing",2913
"2021-09","Low","Day",23223
"2021-09","Low","Early",6860
"2021-09","Low","Midnight",4662
"2021-09","Medium","Closing",176
"2021-09","Medium","Day",1528
"2021-09","Medium","Early",391
"2021-09","Medium","Midnight",307
"2021-10","High","Closing",6
"2021-10","High","Day",116
"2021-10","High","Early",26
"2021-10","High","Midnight",18
"2021-10","Low","Closing",3141
"2021-10","Low","Day",25281
"2021-10","Low","Early",7383
"2021-10","Low","Midnight",4738
"2021-10","Medium","Closing",170
"2021-10","Medium","Day",1690
"2021-10","Medium","Early",388
"2021-10","Medium","Midnight",320
"2021-11","High","Closing",6
"2021-11","High","Day",98
"2021-11","High","Early",16
"2021-11","High","Midnight",11
"2021-11","Low","Closing",3041
"2021-11","Low","Day",24683
"2021-11","Low","Early",6408
"2021-11","Low","Midnight",4748
"2021-11","Medium","Closing",162
"2021-11","Medium","Day",1746
"2021-11","Medium","Early",400
"2021-11","Medium","Midnight",313
"2021-12","High","Closing",2
"2021-12","High","Day",77
"2021-12","High","Early",17
"2021-12","High","Midnight",8
"2021-12","Low","Closing",2845
"2021-12","Low","Day",24267
"2021-12","Low","Early",6587
"2021-12","Low","Midnight",4768
"2021-12","Medium","Closing",178
"2021-12","Medium","Day",1702
"2021-12","Medium","Early",433
"2021-12","Medium","Midnight",286
"2022-01","High","Closing",9
"2022-01","High","Day",69
"2022-01","High","Early",19
"2022-01","High","Midnight",13
"2022-01","Low","Closing",2633
"2022-01","Low","Day",23187
"2022-01","Low","Early",5846
"2022-01","Low","Midnight",4500
"2022-01","Medium","Closing",171
"2022-01","Medium","Day",1521
"2022-01","Medium","Early",379
"2022-01","Medium","Midnight",304
"2022-02","High","Closing",11
"2022-02","High","Day",72
"2022-02","High","Early",28
"2022-02","High","Midnight",22
"2022-02","Low","Closing",2715
"2022-02","Low","Day",22512
"2022-02","Low","Early",6061
"2022-02","Low","Midnight",4132
"2022-02","Medium","Closing",155
"2022-02","Medium","Day",1402
"2022-02","Medium","Early",355
"2022-02","Medium","Midnight",241
"2022-03","High","Closing",8
"2022-03","High","Day",93
"2022-03","High","Early",29
"2022-03","High","Midnight",22
"2022-03","Low","Closing",3151
"2022-03","Low","Day",26174
"2022-03","Low","Early",7150
"2022-03","Low","Midnight",4523
"2022-03","Medium","Closing",196
"2022-03","Medium","Day",1734
"2022-03","Medium","Early",415
"2022-03","Medium","Midnight",283
"2022-04","High","Closing",9
"2022-04","High","Day",90
"2022-04","High","Early",22
"2022-04","High","Midnight",20
"2022-04","Low","Closing",3045
"2022-04","Low","Day",25100
"2022-04","Low","Early",7258
"2022-04","Low","Midnight",4750
"2022-04","Medium","Closing",187
"2022-04","Medium","Day",1618
"2022-04","Medium","Early",418
"2022-04","Medium","Midnight",285
"2022-05","High","Closing",14
"2022-05","High","Day",114
"2022-05","High","Early",19
"2022-05","High","Midnight",29
"2022-05","Low","Closing",3298
"2022-05","Low","Day",26911
"2022-05","Low","Early",7729
"2022-05","Low","Midnight",5238
"2022-05","Medium","Closing",194
"2022-05","Medium","Day",1713
"2022-05","Medium","Early",562
"2022-05","Medium","Midnight",367
"2022-06","High","Closing",9
"2022-06","High","Day",119
"2022-06","High","Early",32
"2022-06","High","Midnight",17
"2022-06","Low","Closing",3410
"2022-06","Low","Day",27371
"2022-06","Low","Early",8165
"2022-06","Low","Midnight",5469
"2022-06","Medium","Closing",209
"2022-06","Medium","Day",1741
"2022-06","Medium","Early",491
"2022-06","Medium","Midnight",318
"2022-07","High","Closing",15
"2022-07","High","Day",90
"2022-07","High","Early",25
"2022-07","High","Midnight",21
"2022-07","Low","Closing",3543
"2022-07","Low","Day",26657
"2022-07","Low","Early",8499
"2022-07","Low","Midnight",6043
"2022-07","Medium","Closing",215
"2022-07","Medium","Day",1768
"2022-07","Medium","Early",494
"2022-07","Medium","Midnight",343
"2022-08","High","Closing",5
"2022-08","High","Day",82
"2022-08","High","Early",29
"2022-08","High","Midnight",9
"2022-08","Low","Closing",3477
"2022-08","Low","Day",26830
"2022-08","Low","Early",8275
"2022-08","Low","Midnight",5439
"2022-08","Medium","Closing",190
"2022-08","Medium","Day",1781
"2022-08","Medium","Early",563
"2022-08","Medium","Midnight",332
"2022-09","High","Closing",8
"2022-09","High","Day",93
"2022-09","High","Early",28
"2022-09","High","Midnight",13
"2022-09","Low","Closing",3298
"2022-09","Low","Day",26307
"2022-09","Low","Early",7861
"2022-09","Low","Midnight",5142
"2022-09","Medium","Closing",217
"2022-09","Medium","Day",1723
"2022-09","Medium","Early",538
"2022-09","Medium","Midnight",327
"2022-10","High","Closing",4
"2022-10","High","Day",80
"2022-10","High","Early",17
"2022-10","High","Midnight",6
"2022-10","Low","Closing",3423
"2022-10","Low","Day",27426
"2022-10","Low","Early",7950
"2022-10","Low","Midnight",5055
"2022-10","Medium","Closing",193
"2022-10","Medium","Day",1753
"2022-10","Medium","Early",482
"2022-10","Medium","Midnight",336
"2022-11","High","Closing",5
"2022-11","High","Day",99
"2022-11","High","Early",14
"2022-11","High","Midnight",7
"2022-11","Low","Closing",3135
"2022-11","Low","Day",26640
"2022-11","Low","Early",7190
"2022-11","Low","Midnight",4641
"2022-11","Medium","Closing",238
"2022-11","Medium","Day",1851
"2022-11","Medium","Early",456
"2022-11","Medium","Midnight",309
"2022-12","High","Closing",5
"2022-12","High","Day",82
"2022-12","High","Early",19
"2022-12","High","Midnight",14
"2022-12","Low","Closing",2726
"2022-12","Low","Day",25090
"2022-12","Low","Early",7048
"2022-12","Low","Midnight",4655
"2022-12","Medium","Closing",190
"2022-12","Medium","Day",1672
"2022-12","Medium","Early",462
"2022-12","Medium","Midnight",316
"2023-01","High","Closing",7
"2023-01","High","Day",88
"2023-01","High","Early",21
"2023-01","High","Midnight",11
"2023-01","Low","Closing",3135
"2023-01","Low","Day",26377
"2023-01","Low","Early",7508
"2023-01","Low","Midnight",5021
"2023-01","Medium","Closing",196
"2023-01","Medium","Day",1804
"2023-01","Medium","Early",493
"2023-01","Medium","Midnight",362
"2023-02","High","Closing",4
"2023-02","High","Day",58
"2023-02","High","Early",12
"2023-02","High","Midnight",6
"2023-02","Low","Closing",2799
"2023-02","Low","Day",23643
"2023-02","Low","Early",6792
"2023-02","Low","Midnight",4184
"2023-02","Medium","Closing",150
"2023-02","Medium","Day",1435
"2023-02","Medium","Early",414
"2023-02","Medium","Midnight",302
"2023-03","High","Closing",2
"2023-03","High","Day",69
"2023-03","High","Early",18
"2023-03","High","Midnight",11
"2023-03","Low","Closing",3119
"2023-03","Low","Day",27103
"2023-03","Low","Early",7517
"2023-03","Low","Midnight",4531
"2023-03","Medium","Closing",198
"2023-03","Medium","Day",1722
"2023-03","Medium","Early",473
"2023-03","Medium","Midnight",332
"2023-04","High","Closing",3
"2023-04","High","Day",84
"2023-04","High","Early",18
"2023-04","High","Midnight",9
"2023-04","Low","Closing",2988
"2023-04","Low","Day",25860
"2023-04","Low","Early",7847
"2023-04","Low","Midnight",4859
"2023-04","Medium","Closing",178
"2023-04","Medium","Day",1571
"2023-04","Medium","Early",459
"2023-04","Medium","Midnight",352
"2023-05","High","Closing",10
"2023-05","High","Day",84
"2023-05","High","Early",19
"2023-05","High","Midnight",12
"2023-05","Low","Closing",3318
"2023-05","Low","Day",28108
"2023-05","Low","Early",8667
"2023-05","Low","Midnight",5396
"2023-05","Medium","Closing",230
"2023-05","Medium","Day",1914
"2023-05","Medium","Early",561
"2023-05","Medium","Midnight",355
"2023-06","High","Closing",11
"2023-06","High","Day",66
"2023-06","High","Early",12
"2023-06","High","Midnight",7
"2023-06","Low","Closing",3333
"2023-06","Low","Day",27440
"2023-06","Low","Early",8575
"2023-06","Low","Midnight",5422
"2023-06","Medium","Closing",206
"2023-06","Medium","Day",1697
"2023-06","Medium","Early",522
"2023-06","Medium","Midnight",337
"2023-07","High","Closing",15
"2023-07","High","Day",84
"2023-07","High","Early",24
"2023-07","High","Midnight",11
"2023-07","Low","Closing",3605
"2023-07","Low","Day",27090
"2023-07","Low","Early",9018
"2023-07","Low","Midnight",6132
"2023-07","Medium","Closing",219
"2023-07","Medium","Day",1685
"2023-07","Medium","Early",510
"2023-07","Medium","Midnight",344
"2023-08","High","Closing",7
"2023-08","High","Day",101
"2023-08","High","Early",28
"2023-08","High","Midnight",14
"2023-08","Low","Closing",3400
"2023-08","Low","Day",27366
"2023-08","Low","Early",8892
"2023-08","Low","Midnight",5701
"2023-08","Medium","Closing",194
"2023-08","Medium","Day",1717
"2023-08","Medium","Early",569
"2023-08","Medium","Midnight",340
"2023-09","High","Closing",10
"2023-09","High","Day",104
"2023-09","High","Early",29
"2023-09","High","Midnight",3
"2023-09","Low","Closing",3203
"2023-09","Low","Day",25857
"2023-09","Low","Early",8296
"2023-09","Low","Midnight",5305
"2023-09","Medium","Closing",198
"2023-09","Medium","Day",1595
"2023-09","Medium","Early",509
"2023-09","Medium","Midnight",295
"2023-10","High","Closing",10
"2023-10","High","Day",82
"2023-10","High","Early",16
"2023-10","High","Midnight",9
"2023-10","Low","Closing",3515
"2023-10","Low","Day",28180
"2023-10","Low","Early",8495
"2023-10","Low","Midnight",5384
"2023-10","Medium","Closing",210
"2023-10","Medium","Day",1850
"2023-10","Medium","Early",549
"2023-10","Medium","Midnight",341
"2023-11","High","Closing",7
"2023-11","High","Day",71
"2023-11","High","Early",18
"2023-11","High","Midnight",6
"2023-11","Low","Closing",3168
"2023-11","Low","Day",26739
"2023-11","Low","Early",7684
"2023-11","Low","Midnight",4680
"2023-11","Medium","Closing",173
"2023-11","Medium","Day",1747
"2023-11","Medium","Early",514
"2023-11","Medium","Midnight",333
"2023-12","High","Closing",4
"2023-12","High","Day",75
"2023-12","High","Early",16
"2023-12","High","Midnight",9
"2023-12","Low","Closing",3110
"2023-12","Low","Day",26621
"2023-12","Low","Early",7657
"2023-12","Low","Midnight",5091
"2023-12","Medium","Closing",215
"2023-12","Medium","Day",1688
"2023-12","Medium","Early",510
"2023-12","Medium","Midnight",310
